{
  "requestContext": {
    "serviceId": "service-f94sy04v",
    "path": "/test/{path}",
    "httpMethod": "POST",
    "requestId": "c6af9ac6-7b61-11e6-9a41-93e8deadbeef",
    "identity": {
      "secretId": "abdcdxxxxxxxsdfs"
    },
    "sourceIp": "127.0.0.1",
    "stage": "release"
  },
  "headers": {
    "Accept-Language": "en-US,en,cn",
    "Accept": "text/html,application/xml,application/json",
    "Host": "service-3ei3tii4-251000691.ap-guangzhou.apigateway.myqloud.com",
    "User-Agent": "User Agent String"
  },
  "body": "{\"msg\": \"hello apigateway\"}",
  "pathParameters": {
    "path": "value"
  },
  "queryStringParameters": {
    "foo": "bar"
  },
  "headerParameters": {
    "Refer": "127.0.0.1"
  },
  "stageVariables": {
    "stage": "release"
  },
  "path": "/test/value",
  "queryString": {
    "foo": "bar",
    "bob": "alice"
  },
  "httpMethod": "POST"
}
